slug_lowercase  endodymn	exonym_en_001	topics_slug
cy-001	Cymraeg	Cymraeg	pynciau
en-001	English	English	topics
en-gb	English - Great Britain	English - Great Britain	topics
en-gb-oxendict	English - Great Britain - Oxford	English - Great Britain - Oxford	topics
en-us	English - United States	English - United States	topics
es-001	Español	Spanish	temas
hi-001	हिन्दी	Hindi	विषय
zh-001	?	Chinese	主题
zh-cn	?	Chinese - China	主题
ar-001	العربية	Arabic	المواضيع
de-001	Deutsch	German	themen
de-de	Deutsch	German - Germany	themen
fr-001	Français	French	sujets
bn-001	বাংলা	Bengali	বিষয়
cy-gb	Cymraeg	Welsh - Great Britain	pynciau
hi-in	हिन्दी	Hindi - India	विषय
id-001	Bahasa Indonesia	Indonesian	topik
ja-jp	日本語	Japanese - Japan	トピック
ja-001	日本語	Japanese	トピック
ko-kr	한국어	Korean - South Korea	주제
ko-001	한국어	Korean	주제
sv-se	Svenska	Swedish - Sweden	ämnen
sv-001	Svenska	Swedish	ämnen
nl-nl	Nederlands	Dutch - Netherlands	onderwerpen
